Customer Name,application,environment
Miles Partnership,casalidicasole,test
Miles Partnership,casalidicasole,dev
Miles Partnership,minnesota,next
New York City Housing Development Corporation,hdcredesign,test
New York City Housing Development Corporation,hdcredesign,dev
"ArcBest Technologies, Inc",abfusedequip,dev
"ArcBest Technologies, Inc",abfusedequip,test
SAIC,saic,dev
SAIC,saic,test
"Ellucian, Inc.",ellucian,next
CDK Global,cdk,dev
CDK Global,cdk,test
Frick Collection,tfc,next
Benevity,benevity,dev
Benevity,benevity,test
Miles Partnership,explorebranson,test
Miles Partnership,explorebranson,dev
Moderna Therapeutics,moderna,stg2
Moderna Therapeutics,moderna,test
Moderna Therapeutics,moderna,next
Moderna Therapeutics,moderna,dev
Moderna Therapeutics,moderna,dev2
Center for Educational Networking,cen,test
Center for Educational Networking,cen,dev
Albany Law School,albanylaw,dev
Albany Law School,albanylaw,test
Miles Partnership,srqairport,test
Miles Partnership,srqairport,dev
American Institute of Physics,d8migration,test
American Institute of Physics,d8migration,dev
American Medical Association Inc.,credwebhost21,dev
American Medical Association Inc.,credwebhost21,test
Glanbia,glanbianutritionals,test
Glanbia,glanbianutritionals,dev
(add)ventures,omnicare,test
ACA Compliance,aca,test
ACA Compliance,aca,dev
Harsco Corporation,steelphalt,dev
Harsco Corporation,steelphalt,test
CN Tower,cnwww,dev
CN Tower,cnwww,test
(add)ventures,cvsbob,test
(add)ventures,cvsbob,dev
UNC Pembroke,uncp,next
Dude Solutions,dude,next
"Insurity, Inc.",insuritypublic,dev
"Insurity, Inc.",insuritypublic,test
Learning Without Tears,lwtears,dev
Learning Without Tears,lwtears,test
The College Board,cbresearchd7,test
The College Board,cbresearchd7,dev
(add)ventures,cvshub,dev
(add)ventures,cvshub,test
Reynolds Consumer Products,heftybrandsca,dev
Reynolds Consumer Products,heftybrandsca,test
Rhode Island School of Design,risdcareerctr,test
Rhode Island School of Design,risdcareerctr,dev
Monroe College,monroelp,dev
Monroe College,monroelp,test
University of Virginia,dardenportal,test
University of Virginia,dardenportal,dev
"Donnelley Financial Solutions, Inc.",dfin,next
"Donnelley Financial Solutions, Inc.",dfin,dev
"Donnelley Financial Solutions, Inc.",dfin,test
MDVIP,mdvip,next
Rhode Island School of Design,risdalumni,dev
Rhode Island School of Design,risdalumni,test
Museum of Science,eieorg,test
Museum of Science,eieorg,dev
Museum of Science,eieorg,stage2
Phillips Edison & Company,peco,test
Phillips Edison & Company,peco,dev
Reynolds Consumer Products,prestoproducts,test
Reynolds Consumer Products,prestoproducts,dev
Macmillan,quickanddirtytips,dev
Macmillan,quickanddirtytips,test
"Comcast Cable Communications Management, LLC",comcasttechsolns,next
The Children's Place,childrensplace,next
Reynolds Consumer Products,prestoconsumer,test
Reynolds Consumer Products,prestoconsumer,dev
Minnesota Department of Health (DOH),mndohace,dev
Minnesota Department of Health (DOH),mndohace,test
Institute of Culinary Education,iceedu,dev
Institute of Culinary Education,iceedu,test
America's Preferred Home Warranty,aphw,dev
America's Preferred Home Warranty,aphw,test
Sensata Technologies,sensata,next
Sensata Technologies,sensata,bi
Sensata Technologies,sensata,dev
Sensata Technologies,sensata,test
Whitehead Institute,whiteheadinst,dev
Whitehead Institute,whiteheadinst,test
Reynolds Consumer Products,reynoldschina,dev
Reynolds Consumer Products,reynoldschina,stage
"City Barbeque, Inc.",citybbq,test
"City Barbeque, Inc.",citybbq,dev
Widener University,widener,dev
Widener University,widener,test
Hamline University,hamline,dev
Hamline University,hamline,test
UNIT4 Business Software Holding B.V.,unit4,next
Kiniksa Pharmaceuticals,kiniksaarcalyst,test
Kiniksa Pharmaceuticals,kiniksaarcalyst,dev
Old Dominion University,odumain,test
Old Dominion University,odumain,dev
Pace - Suburban Bus Division (PACE),pace,test
Pace - Suburban Bus Division (PACE),pace,dev
Origami Risk,origamirisk,test
Origami Risk,origamirisk,dev
Harsco Corporation,cleanearth,test
Harsco Corporation,cleanearth,dev
NYU Wagner School of Public Service,nyuwagnerintranet,test
NYU Wagner School of Public Service,nyuwagnerintranet,dev
Genero Inc.,dxtimes,next
Wisconsin Department of Natural Resources,wisconsindnr,next
Harvard Medical School,hmscmecatalogd8,test
Harvard Medical School,hmscmecatalogd8,dev
Miles Partnership,timbersjupiter,dev
Miles Partnership,timbersjupiter,test
Cobham - USA,cobham,test
The College Board,cbfcwd7,test
The College Board,cbfcwd7,dev
Miles Partnership,cocannabis,dev
Miles Partnership,cocannabis,test
Bimba Manufacturing Company,bimba,dev
Bimba Manufacturing Company,bimba,test
"Benzel-Busch Motor Car, Inc.",amcreative,next
Miles Partnership,visitgrandjunction,test
Miles Partnership,visitgrandjunction,dev
American Medical Association Inc.,cptinternational,dev
American Medical Association Inc.,cptinternational,test
Habitat For Humanity International Inc.,hfhi,next
Clyde's Restaurant Group,ebbitt,test
Clyde's Restaurant Group,ebbitt,dev
University of Virginia,dardenexternal,dev
University of Virginia,dardenexternal,test
Joliet Junior College,joliet,next
University of Virginia,engagement,test
University of Virginia,engagement,dev
Merkle Inc,merkleresponse,test
Merkle Inc,merkleresponse,dev
Bryn Mawr College,brynmawr,dev
Bryn Mawr College,brynmawr,test
NYU Wagner School of Public Service,nyuwagner1,next
Miles Partnership,capitalregionusa,test
Miles Partnership,capitalregionusa,dev
Miles Partnership,visitsarasota,test
Miles Partnership,visitsarasota,dev
LifeScan Global Corporation,lifescanalpha,test
LifeScan Global Corporation,lifescanalpha,dev
Stop & Stor,stopnstor,next
Stop & Stor,stopnstor,dev
Stop & Stor,stopnstor,test
Merkle Inc,helloworld,test
Merkle Inc,helloworld,dev
Hunterdon Healthcare System,hunterdonhealth,dev
Hunterdon Healthcare System,hunterdonhealth,test
Miles Partnership,visitdelaware,dev
Miles Partnership,visitdelaware,test
Servier Pharmaceuticals,oncaspar,test
Servier Pharmaceuticals,oncaspar,dev
Harsco Corporation,harscoenvironmental,test
Harsco Corporation,harscoenvironmental,dev
Monroe College,monroewww,dev
Monroe College,monroewww,test
Voya Financial,voyafw,test
Voya Financial,voyafw,dev
"Department of Police, Fire & Emergency Management (Tasmania)",conexus,next
American Medical Association Inc.,freida,next
Clyde's Restaurant Group,citylimit,test
Clyde's Restaurant Group,citylimit,dev
The College Board,cbpreap,test
The College Board,cbpreap,dev
GE Transportation,wabteccorp,dev
GE Transportation,wabteccorp,test
"The Related Companies, L.P.",hudsonyardsnewyork,next
The College Board,cbpro,dev
The College Board,cbpro,test
The College Board,cbpro,preview
Miles Partnership,georgia,test
Miles Partnership,georgia,dev
Domtar,domtar,next
Domtar,domtar,dev
Domtar,domtar,test
CHEP,chep,test
CHEP,chep,dev
Routeone LLC,routeone,test
Routeone LLC,routeone,dev
Miles Partnership,timbersresorts,dev
Miles Partnership,timbersresorts,test
Reynolds Consumer Products,reynoldshefty,dev
Reynolds Consumer Products,reynoldshefty,test
Vermont Law School,vermontlaw,dev
Vermont Law School,vermontlaw,test
"CollabNet, Inc.",digitalai,next
Merkle Inc,connectedcrm,test
Merkle Inc,connectedcrm,dev
"The Related Companies, L.P.",peaknyc,dev
"The Related Companies, L.P.",peaknyc,test
University of Virginia,darden,dev
University of Virginia,darden,test
Miles Partnership,stpeteclearwater,test
Miles Partnership,stpeteclearwater,dev
NYC Board of Elections (NYCBOE),nycboe,stg2
NYC Board of Elections (NYCBOE),nycboe,dev
NYC Board of Elections (NYCBOE),nycboe,test
Miles Partnership,playwinterpark,test
Miles Partnership,playwinterpark,dev
Miles Partnership,arkansas,test
Miles Partnership,arkansas,dev
Central Connecticut State University,ccsumain,dev
Central Connecticut State University,ccsumain,test
Texas Education Agency,tgteksdr,dev
Texas Education Agency,tgteksdr,test
The World Bank,icsid,next
Georgia College,gcsu,next
New York State Education Department (NYSED),sed,test
New York State Education Department (NYSED),sed,dev
Texas Education Agency,tgcte,dev
Texas Education Agency,tgcte,test
Kiniksa Pharmaceuticals,kiniksa,test
Kiniksa Pharmaceuticals,kiniksa,next
Kiniksa Pharmaceuticals,kiniksa,dev
Old Dominion University,oduscnd,dev
Old Dominion University,oduscnd,test
Veracode,veracode,test
Veracode,veracode,dev
The College Board,cbbrandhub,test
The College Board,cbbrandhub,dev
Miles Partnership,thepalmbeaches,test
Miles Partnership,thepalmbeaches,dev
The College Board,cbpadres,test
The College Board,cbpadres,dev
Pure Insurance,pureins,test
Pure Insurance,pureins,dev
Pure Insurance,pureins,next
"Slalom, LLC",slalomdotcom,test
"Slalom, LLC",slalomdotcom,dev
Peterbilt,peterbilt,next
La Coop Fédérée,publicsite,test
La Coop Fédérée,publicsite,dev
Exide Technologies,exide,dev
Exide Technologies,exide,test
Oncology Nursing Society,pubs,next
Oncology Nursing Society,pubs,test
Oncology Nursing Society,pubs,dev
Miles Partnership,travelsouthindustry,dev
Miles Partnership,travelsouthindustry,test
Wisconsin Public Radio,ttbook,dev
Wisconsin Public Radio,ttbook,test
Harvard Medical School,hmscountway,dev
Harvard Medical School,hmscountway,stg
Lenoir-Rhyne University,lrintra,dev
Lenoir-Rhyne University,lrintra,test
California State University Office of the Chancellor,degreesdxcsuco,test
California State University Office of the Chancellor,degreesdxcsuco,dev
Vassar College,vassar,test
Vassar College,vassar,dev
USC Race and Equity Center,prism,dev
USC Race and Equity Center,prism,test
Miles Partnership,meetingsvisitstpete,test
Miles Partnership,meetingsvisitstpete,dev
Minnesota Pollution Control Agency,mpca,dev
Minnesota Pollution Control Agency,mpca,test
Smith Group JJR,smithgroup,dev
Smith Group JJR,smithgroup,test
Senseonics Incorporated,senseonics,dev
Senseonics Incorporated,senseonics,test
White & Case,insolvency,test
White & Case,insolvency,dev
Citigroup (Sapient Reseller),lifeandmoney,dev
Citigroup (Sapient Reseller),lifeandmoney,test
Citigroup (Sapient Reseller),lifeandmoney,uat
Hughes Communications,sdgbca,uat3
Hughes Communications,sdgbca,uat2
Hughes Communications,sdgbca,dev
Hughes Communications,sdgbca,uat1
Hughes Communications,sdgbca,test
Element Solutions Inc,macdermidalpha,dev
Element Solutions Inc,macdermidalpha,test
Midland States Bank,midlandsb,dev
Midland States Bank,midlandsb,test
"Mason, Bruce & Girard, Inc.",spatialcms,test
"Mason, Bruce & Girard, Inc.",spatialcms,dev
Conotext,conotext3,dev
Conotext,conotext3,test
iconectiv,usshortcodes2,test
iconectiv,usshortcodes2,dev
Sensata Technologies,gigavac,test
Sensata Technologies,gigavac,dev
Stanford University,earth,next
JCC Manhattan,jccmanhattan,test
JCC Manhattan,jccmanhattan,dev
Cystic Fibrosis Foundation,cffdotorg,test
Cystic Fibrosis Foundation,cffdotorg,dev
Blue Fountain Media,bgus,test
Blue Fountain Media,bgus,dev
Tufts University,tuftsedu,dev
Tufts University,tuftsedu,test
Tiffin University,tiffin,dev
Tiffin University,tiffin,test
The College Board,cbgroupsdx,dev
The College Board,cbgroupsdx,test
Lineage Logistics,lineage,dev
Lineage Logistics,lineage,test
"Educational Testing Service, Inc.",etsgre,test
"Educational Testing Service, Inc.",etsgre,dev
Merkle Inc,platformmarketer,test
Merkle Inc,platformmarketer,dev
LifeScan Global Corporation,ncemealdiru,test
LifeScan Global Corporation,ncemealdiru,dev
White & Case,wcinsidecareers,test
White & Case,wcinsidecareers,dev
Texas Education Agency,instmaterials,dev2
Texas Education Agency,instmaterials,dev3
Texas Education Agency,instmaterials,test
Texas Education Agency,instmaterials,dev
MarketAxess,marketaxess,dev
MarketAxess,marketaxess,test
"Mintz, Levin, Cohn, Ferris, Glovsky and Popeo, P.C.",mintzlevin,dev
"Mintz, Levin, Cohn, Ferris, Glovsky and Popeo, P.C.",mintzlevin,test
"Educational Testing Service, Inc.",etstoefl,dev
"Educational Testing Service, Inc.",etstoefl,test
Miles Partnership,longwoods,test
New York City Housing Development Corporation,nychdc,dev
New York City Housing Development Corporation,nychdc,test
CentralSquare Technologies,superion,dev
CentralSquare Technologies,superion,test
iHeartMedia,ihmrefdata,dev
iHeartMedia,ihmrefdata,stg
Kollmorgen,kollmorgen2,test
Kollmorgen,kollmorgen2,dev
Lenoir-Rhyne University,lrmain,test
Lenoir-Rhyne University,lrmain,dev
Miles Partnership,visittybee,test
Miles Partnership,visittybee,dev
Harsco Corporation,harscoacquiacloud1,dev
Harsco Corporation,harscoacquiacloud1,test
Regis College,regis,dev
Regis College,regis,test
Oncology Nursing Society,oncc,next
Lincoln Institute of Land Policy,lincolninstitute,dev
Lincoln Institute of Land Policy,lincolninstitute,test
Intact,intact2,dev
Intact,intact2,intg
Intact,intact2,test
Texas Education Agency,tgtab,dev
Texas Education Agency,tgtab,test
Texas Education Agency,txgatewayd8,test
Texas Education Agency,txgatewayd8,dev
Purdue University Fort Wayne,pfwmain,test
Purdue University Fort Wayne,pfwmain,dev
Intact,intact,test
Intact,intact,dev
Intact,intact,intg
Altudo,altudosub,dev
Altudo,altudosub,test
Greenway Health,greenwayhealth,dev
Greenway Health,greenwayhealth,test
Wisconsin Department of Employee Trust Funds,wietf,dev
Wisconsin Department of Employee Trust Funds,wietf,test
TD Williamson,tdwilliamson,next
Loyola University Medical Center,macneal,test
Loyola University Medical Center,macneal,dev
Ebsco Industries Inc,ebscoapigee,dev
Ebsco Industries Inc,ebscoapigee,test
Blue Fountain Media,bfmproducts,dev
Blue Fountain Media,bfmproducts,test
The University of Chicago - Biological Sciences,gdc,dev
The University of Chicago - Biological Sciences,gdc,test
PetIQ Inc,petarmor,next
PetIQ Inc,petarmor,dev
PetIQ Inc,petarmor,test
The College Board,cbhomeorg,dev
The College Board,cbhomeorg,test
The College Board,cbhomeorg,dev2
The College Board,cbhomeorg,preview
Miles Partnership,visitnebraska,dev
Miles Partnership,visitnebraska,stg
US Lacrosse,uslacrosse,test
US Lacrosse,uslacrosse,dev
Watertown Savings Bank,watertownsavings,next
Watertown Savings Bank,watertownsavings,dev
Watertown Savings Bank,watertownsavings,test
BSA | The Software Alliance,bsaorg,next
Reynolds Consumer Products,reynoldsconsumer,test
Reynolds Consumer Products,reynoldsconsumer,dev
The College Board,cbreports,dev
The College Board,cbreports,test
Reynolds Consumer Products,reynoldsconsumerca,dev
Reynolds Consumer Products,reynoldsconsumerca,stage
University of Virginia,uvamiller,dev
University of Virginia,uvamiller,test
Natura Cosmeticos,naturafaq,dev
Natura Cosmeticos,naturafaq,test
Cook Political Report,cookreport,dev
Cook Political Report,cookreport,test
Cook Political Report,cookreport,next
Penn State Outreach and Online Education,wcprospect8,next
Miles Partnership,cmlf,test
Miles Partnership,cmlf,dev
Altice USA,alticebiz,dev
Altice USA,alticebiz,test
"The University of Maryland, Robert H. Smith School of Business",umdsmith,dev
"The University of Maryland, Robert H. Smith School of Business",umdsmith,test
Miles Partnership,sportsspc,test
Miles Partnership,sportsspc,dev
NYS Courts,nyscourts,dev
NYS Courts,nyscourts,test
Wendy's Company,wendys,dev2
Wendy's Company,wendys,dev
Wendy's Company,wendys,test
Emory Library,emorylibrariesmain,test
Emory Library,emorylibrariesmain,dev
