Customer Name,application
ACA Compliance,acadotcom
"Purpose Financial, Inc.",advanceamer
"CollabNet, Inc.",agiledigitalai
Arent Fox,arentfox
Servier Pharmaceuticals,asparlas
Avidia Bank,avidiasite
"Benzel-Busch Motor Car, Inc.",bbinventoryapp
Belfor USA Group,belfor
Benedictine University,benuweb
BUPA Global Latinoam√©rica,bupalatam
The Children's Aid Society,childrensaid
Consumer Healthcare Products Association,chpa
Central Piedmont Community College,cpcc
Sensata Technologies,cynergy3
Digital Guardian,dguardian
DLT Solutions,dltsolutions
"Educational Testing Service, Inc.",etsorg
Foundation for the Carolinas,fftc
Five Star Senior Living,fivestar
Flexential,flexential
Financial Services Regulatory Authority of Ontario,fsrao
The Children's Aid Society,fysa
GGB N.A.,ggbearings
Loyola University Medical Center,gottliebfitness
Houston Methodist Foundation,hmfoundation
Hood College,hood
Hebrew Senior Life,hslife
iCrossing,icrossing
Lincoln Institute of Land Policy,intllandconserv
ITAGroup Inc,itagroupd8blt
Johns Hopkins Bloomberg School of Public Health,jhuflagship
Kiniksa Pharmaceuticals,kiniksapatcorp
Kaufman Hall,kite2
Lincoln Institute of Land Policy,makingsenseofplace
Minnesota Department of Labor & Industry,mndli
The Children's Aid Society,nccs
North Dakota State University - Main Campus,ndsu
Northeast Bancorp,neb
NMS Labs,nmslabs
Nova Scotia Power,nspoutage
"Benzel-Busch Motor Car, Inc.",omnivore
Oncology Nursing Society,ons
Oncology Nursing Society,onsfoundation
Oncology Nursing Society,onsvoice
OpSec Security,opsec
Taste Festivals Ltd.,pbrcom
Perspecta,perspecta
Pfizer Inc.,pfacqcldnextest
Photon Infotech Private Limited,photoncloud
"The University of Maryland, Robert H. Smith School of Business",rhsmith
Rhode Island College,ricollege
"R. J. Corman Railroad Group, LLC",rjcorman
Randolph-Macon Academy,rmaedu
"County of Rutherford, Tennessee",rutherfordtn
Sensata Technologies,schrader
Servier Pharmaceuticals,servierus
University of Chicago - Harris School of Public Policy,thepearsoninstitute
TIAA,tiaainstit
The Tobago Tourism Agency Ltd,tobagoagency
Teacher's Retirement System of Illinois,trsillinois
University of Chicago - Harris School of Public Policy,uchicagoharris
Centers for Medicare & Medicaid Services (CMS),wddsenxt
Welch's,welchs
Sony Pictures Entertainment Inc.,wheeloffortune2
Youngstown State University,youngstownstate
Butterball LLC,butterball
Kaufman Hall,kaufmanhall1
Wendy's Company,wendysproduct
Dime Community Bancshares,dimebank
Northeast Bancorp,ablebanking
Chicago Faucet Company,chicagofaucet
Onondaga Community College,library
Houston Methodist Foundation,hmfhistory
ITAGroup Inc,moonshotitagroup
"The HAVI Group, LP",havi
The North Highland Company,northhighland
